{
    "$schema": "https://schemas.wp.org/trunk/theme.json",
    "version": 3,
    "settings": {
        "appearanceTools": true,
        "layout": {
            "contentSize": "720px",
            "wideSize": "1140px"
        },
        "color": {
            "defaultPalette": false,
            "palette": [
                {
                    "name": "Primary",
                    "slug": "primary",
                    "color": "#0d6efd"
                },
                {
                    "name": "Secondary",
                    "slug": "secondary",
                    "color": "#6c757d"
                },
                {
                    "name": "Success",
                    "slug": "success",
                    "color": "#198754"
                },
                {
                    "name": "Danger",
                    "slug": "danger",
                    "color": "#dc3545"
                },
                {
                    "name": "Warning",
                    "slug": "warning",
                    "color": "#ffc107"
                },
                {
                    "name": "Info",
                    "slug": "info",
                    "color": "#0dcaf0"
                },
                {
                    "name": "Light",
                    "slug": "light",
                    "color": "#f8f9fa"
                },
                {
                    "name": "Dark",
                    "slug": "dark",
                    "color": "#212529"
                },
                {
                    "name": "White",
                    "slug": "white",
                    "color": "#ffffff"
                },
                {
                    "name": "Black",
                    "slug": "black",
                    "color": "#000000"
                }
            ]
        },
        "typography": {
            "fluid": true,
            "fontFamilies": [
                {
                    "name": "System Font",
                    "slug": "system-font",
                    "fontFamily": "system-ui, -apple-system, 'Segoe UI', Roboto, 'Helvetica Neue', Arial, sans-serif"
                },
                {
                    "name": "Monospace",
                    "slug": "monospace",
                    "fontFamily": "SFMono-Regular, Menlo, Monaco, Consolas, 'Liberation Mono', 'Courier New', monospace"
                }
            ],
            "fontSizes": [
                {
                    "name": "Small",
                    "slug": "small",
                    "size": "0.875rem"
                },
                {
                    "name": "Medium",
                    "slug": "medium",
                    "size": "1rem"
                },
                {
                    "name": "Large",
                    "slug": "large",
                    "size": "1.25rem"
                },
                {
                    "name": "Extra Large",
                    "slug": "x-large",
                    "size": "1.5rem"
                },
                {
                    "name": "Huge",
                    "slug": "huge",
                    "size": "2.5rem"
                }
            ]
        },
        "spacing": {
            "units": ["px", "em", "rem", "%", "vw", "vh"],
            "spacingSizes": [
                {
                    "name": "1",
                    "slug": "10",
                    "size": "0.25rem"
                },
                {
                    "name": "2",
                    "slug": "20",
                    "size": "0.5rem"
                },
                {
                    "name": "3",
                    "slug": "30",
                    "size": "1rem"
                },
                {
                    "name": "4",
                    "slug": "40",
                    "size": "1.5rem"
                },
                {
                    "name": "5",
                    "slug": "50",
                    "size": "3rem"
                }
            ]
        },
        "border": {
            "radius": true,
            "color": true,
            "style": true,
            "width": true
        },
        "custom": {
            "spacing": {
                "gutter": "1.5rem"
            }
        }
    },
    "styles": {
        "color": {
            "background": "var(--wp--preset--color--white)",
            "text": "var(--wp--preset--color--dark)"
        },
        "typography": {
            "fontFamily": "var(--wp--preset--font-family--system-font)",
            "fontSize": "var(--wp--preset--font-size--medium)",
            "lineHeight": "1.5"
        },
        "spacing": {
            "blockGap": "1.5rem"
        },
        "elements": {
            "link": {
                "color": {
                    "text": "var(--wp--preset--color--primary)"
                },
                ":hover": {
                    "color": {
                        "text": "var(--wp--preset--color--dark)"
                    }
                }
            },
            "button": {
                "color": {
                    "background": "var(--wp--preset--color--primary)",
                    "text": "var(--wp--preset--color--white)"
                },
                "border": {
                    "radius": "0.375rem"
                },
                "spacing": {
                    "padding": {
                        "top": "0.375rem",
                        "bottom": "0.375rem",
                        "left": "0.75rem",
                        "right": "0.75rem"
                    }
                },
                ":hover": {
                    "color": {
                        "background": "#0b5ed7"
                    }
                }
            },
            "heading": {
                "typography": {
                    "fontWeight": "500",
                    "lineHeight": "1.2"
                }
            }
        },
        "blocks": {
            "core/button": {
                "border": {
                    "radius": "0.375rem"
                }
            },
            "core/code": {
                "typography": {
                    "fontFamily": "var(--wp--preset--font-family--monospace)"
                },
                "color": {
                    "background": "var(--wp--preset--color--light)"
                },
                "spacing": {
                    "padding": "1rem"
                },
                "border": {
                    "radius": "0.375rem"
                }
            },
            "core/quote": {
                "border": {
                    "width": "0 0 0 4px",
                    "color": "var(--wp--preset--color--primary)"
                },
                "spacing": {
                    "padding": {
                        "left": "1rem"
                    }
                }
            }
        }
    },
    "templateParts": [
        {
            "name": "header",
            "title": "Header",
            "area": "header"
        },
        {
            "name": "footer",
            "title": "Footer",
            "area": "footer"
        }
    ]
}
